board_url,avatar
https://www.pinterest.com/rosehise/health/,https:\/\/s-media-cache-ak0.pinimg.com\/avatars\/rachel_orth1-88_140.jpg
https://www.pinterest.com/annett07/health/,https:\/\/s-media-cache-ak0.pinimg.com\/avatars\/alexaroar-1413213608_140.jpg
https://www.pinterest.com/sally_bahler/health/,https:\/\/s-media-cache-ak0.pinimg.com\/avatars\/cillacota_1336901405_140.jpg
https://www.pinterest.com/giogic/health/,https:\/\/s-media-cache-ak0.pinimg.com\/avatars\/mumsontherunuk_1384500348_140.jpg
https://www.pinterest.com/chely8183/health/,https:\/\/s-media-cache-ak0.pinimg.com\/avatars\/dorkyamy_1337064090_140.jpg
https://www.pinterest.com/jazmyneeldridge/health/,https:\/\/s-media-cache-ak0.pinimg.com\/avatars\/vonnie81-1399467172_140.jpg
https://www.pinterest.com/meekba/health/,https:\/\/s-passets-cache-ak0.pinimg.com\/images\/user\/default_140.png
https://www.pinterest.com/goodmantyren89/health/,https:\/\/s-passets-cache-ak0.pinimg.com\/images\/user\/default_140.png
https://www.pinterest.com/brookeapo/health/,https:\/\/s-media-cache-ak0.pinimg.com\/avatars\/lyndsayvdh_1337116392_140.jpg
https://www.pinterest.com/liciaannn/health/,https:\/\/s-passets-cache-ak0.pinimg.com\/images\/user\/default_140.png
https://www.pinterest.com/rungirl1030/health/,https:\/\/s-media-cache-ak0.pinimg.com\/avatars\/alana348gayle-1352785438_140.jpg
https://www.pinterest.com/claudinestout/health/,https:\/\/s-media-cache-ak0.pinimg.com\/avatars\/mcmelburn_1379835328_140.jpg
https://www.pinterest.com/kkfrieze7/health/,https:\/\/s-media-cache-ak0.pinimg.com\/avatars\/angelamackay_1412897898_140.jpg
https://www.pinterest.com/elysecorrin/fitnesshealth/,https:\/\/s-media-cache-ak0.pinimg.com\/avatars\/sandraknodler3_1410206916_140.jpg
https://www.pinterest.com/wendygrosso/health/,https:\/\/s-media-cache-ak0.pinimg.com\/avatars\/cloryssa808-1413900938_140.jpg
https://www.pinterest.com/ttrepasso/health/,https:\/\/s-media-cache-ak0.pinimg.com\/avatars\/jinxy89_1344315181_140.jpg
https://www.pinterest.com/kels_alexandra/health/,https:\/\/s-media-cache-ak0.pinimg.com\/avatars\/stacyespinoza_1392916689_140.jpg
https://www.pinterest.com/h_miller16/health/,https:\/\/s-media-cache-ak0.pinimg.com\/avatars\/goldenflashmom_1328994220_140.jpg
https://www.pinterest.com/evita610/health/,https:\/\/s-media-cache-ak0.pinimg.com\/avatars\/brighteyes1980_1337205992_140.jpg
https://www.pinterest.com/vivianaxoroman/health/,https:\/\/s-media-cache-ak0.pinimg.com\/avatars\/plusminus20cm_1423852941_140.jpg
https://www.pinterest.com/federaby/health/,https:\/\/s-media-cache-ak0.pinimg.com\/avatars\/nutrifitmama_1412872242_140.jpg
https://www.pinterest.com/megparkinson716/health/,https:\/\/s-media-cache-ak0.pinimg.com\/avatars\/mumsontherunuk_1384500348_140.jpg
https://www.pinterest.com/islandgirlj3/beautyhealth/,https:\/\/s-media-cache-ak0.pinimg.com\/avatars\/deadlyrhapsody_1349720564_140.jpg
https://www.pinterest.com/karajstuntz/health/,https:\/\/s-media-cache-ak0.pinimg.com\/avatars\/imaginfinity_1369859202_140.jpg
https://www.pinterest.com/sheila5857/health/,https:\/\/s-media-cache-ak0.pinimg.com\/avatars\/hallbrynn_1392869835_140.jpg
https://www.pinterest.com/tayllour/health/,https:\/\/s-media-cache-ak0.pinimg.com\/avatars\/taraalyse09-1403161024_140.jpg
https://www.pinterest.com/messynessies01c/health/,https:\/\/s-media-cache-ak0.pinimg.com\/avatars\/jessetheginger_1414763820_140.jpg
https://www.pinterest.com/pinner214709/health/,https:\/\/s-media-cache-ak0.pinimg.com\/avatars\/minkilashes_1383003947_140.jpg
https://www.pinterest.com/shannonnduncan/health/,https:\/\/s-media-cache-ak0.pinimg.com\/avatars\/ohrtlyn_1437321864_140.jpg
https://www.pinterest.com/jenjenobrien1/health/,https:\/\/s-passets-cache-ak0.pinimg.com\/images\/user\/default_140.png
https://www.pinterest.com/hjbtjb/health/,https:\/\/s-media-cache-ak0.pinimg.com\/avatars\/debitomono70_1408654179_140.jpg
https://www.pinterest.com/tabithabeavers/health/,https:\/\/s-media-cache-ak0.pinimg.com\/avatars\/kaysams-1392345013_140.jpg
https://www.pinterest.com/katychappell/health/,https:\/\/s-media-cache-ak0.pinimg.com\/avatars\/marjmzf_1338750510_140.jpg
https://www.pinterest.com/ashley0112/health/,https:\/\/s-media-cache-ak0.pinimg.com\/avatars\/merba578-1370916799_140.jpg
https://www.pinterest.com/snowyleopard/health/,https:\/\/s-media-cache-ak0.pinimg.com\/avatars\/janicedownes-1415593973_140.jpg
https://www.pinterest.com/xiaoxuanwanzi/health/,https:\/\/s-media-cache-ak0.pinimg.com\/avatars\/amctall_1337092600_140.jpg
https://www.pinterest.com/infernalallure/health/,https:\/\/s-media-cache-ak0.pinimg.com\/avatars\/lovrgrl_1337071556_140.jpg
https://www.pinterest.com/lauraspell/health/,https:\/\/s-media-cache-ak0.pinimg.com\/avatars\/nataliejillfit_1431233737_140.jpg
https://www.pinterest.com/hls23/health/,https:\/\/s-media-cache-ak0.pinimg.com\/avatars\/sandraknodler3_1410206916_140.jpg
https://www.pinterest.com/jennyd33914/health/,https:\/\/s-media-cache-ak0.pinimg.com\/avatars\/bamagirl966-1428608588_140.jpg
https://www.pinterest.com/suecanuto/health/,https:\/\/s-media-cache-ak0.pinimg.com\/avatars\/happysolez_1408836314_140.jpg
https://www.pinterest.com/erikafett/health/,https:\/\/s-media-cache-ak0.pinimg.com\/avatars\/kristenlatimer-1414982999_140.jpg
https://www.pinterest.com/carriec15/health/,https:\/\/s-media-cache-ak0.pinimg.com\/avatars\/cassiegreeves-1400682166_140.jpg
https://www.pinterest.com/tiamc1/health/,https:\/\/s-passets-cache-ak0.pinimg.com\/images\/user\/default_140.png
https://www.pinterest.com/reganwright94/health/,https:\/\/s-media-cache-ak0.pinimg.com\/avatars\/dezi8_1407346252_140.jpg
https://www.pinterest.com/jobruce/health/,https:\/\/s-media-cache-ak0.pinimg.com\/avatars\/slongbottom_1431704263_140.jpg
https://www.pinterest.com/teresaskncare/health/,https:\/\/s-media-cache-ak0.pinimg.com\/avatars\/michelecathrine-66_140.jpg
https://www.pinterest.com/jd24/health/,https:\/\/s-media-cache-ak0.pinimg.com\/avatars\/ruclvr_1433627001_140.jpg
https://www.pinterest.com/marcielaper/health/,https:\/\/s-media-cache-ak0.pinimg.com\/avatars\/shimerct-3_140.jpg
https://www.pinterest.com/carlik22/health/,https:\/\/s-media-cache-ak0.pinimg.com\/avatars\/annedave1_1331864864_140.jpg
https://www.pinterest.com/amandabrowning/health/,https:\/\/s-media-cache-ak0.pinimg.com\/avatars\/stormyjo59-1393903990_140.jpg
https://www.pinterest.com/sarah58/health/,https:\/\/s-media-cache-ak0.pinimg.com\/avatars\/oobieslady-1378259722_140.jpg
https://www.pinterest.com/karadanni/health/,https:\/\/s-media-cache-ak0.pinimg.com\/avatars\/marykatevann-1408562574_140.jpg
https://www.pinterest.com/coniconi2010/health/,https:\/\/s-media-cache-ak0.pinimg.com\/avatars\/yindeeprida-1426594924_140.jpg
https://www.pinterest.com/astutts100/health/,https:\/\/s-media-cache-ak0.pinimg.com\/avatars\/cassidyspatch_1337066372_140.jpg
https://www.pinterest.com/pt9519/health/,https:\/\/s-passets-cache-ak0.pinimg.com\/images\/user\/default_140.png
https://www.pinterest.com/coigreach/health/,https:\/\/s-media-cache-ak0.pinimg.com\/avatars\/fabiolacapo_1427856074_140.jpg
https://www.pinterest.com/syyddnee/health/,https:\/\/s-media-cache-ak0.pinimg.com\/avatars\/alexborick-1351564464_140.jpg
https://www.pinterest.com/trynde/health/,https:\/\/s-media-cache-ak0.pinimg.com\/avatars\/anastojkovic_1352894943_140.jpg
https://www.pinterest.com/amyreigle/health/,https:\/\/s-media-cache-ak0.pinimg.com\/avatars\/diyannihomes_1433862978_140.jpg
https://www.pinterest.com/creatviecopycat/health/,https:\/\/s-media-cache-ak0.pinimg.com\/avatars\/xanalishia-1394579241_140.jpg
https://www.pinterest.com/gabbymz21/health/,https:\/\/s-media-cache-ak0.pinimg.com\/avatars\/alecaska_1351144447_140.jpg
https://www.pinterest.com/angesch/health/,https:\/\/s-media-cache-ak0.pinimg.com\/avatars\/jjmariee_1331733144_140.jpg
https://www.pinterest.com/illusivelu/health/,https:\/\/s-media-cache-ak0.pinimg.com\/avatars\/lwoodhall_1337115818_140.jpg
https://www.pinterest.com/madeleine2127/health/,https:\/\/s-media-cache-ak0.pinimg.com\/avatars\/alissamn_1337205994_140.jpg
https://www.pinterest.com/melxnie17/health/,https:\/\/s-media-cache-ak0.pinimg.com\/avatars\/rosetcoppens_1378574639_140.jpg
https://www.pinterest.com/jenmr8/health/,https:\/\/s-media-cache-ak0.pinimg.com\/avatars\/amberly_collins-32_140.jpg
https://www.pinterest.com/ljdeen/health/,https:\/\/s-passets-cache-ak0.pinimg.com\/images\/user\/default_140.png
https://www.pinterest.com/andrew5781/health/,https:\/\/s-passets-cache-ak0.pinimg.com\/images\/user\/default_140.png
https://www.pinterest.com/jifstone3/health/,https:\/\/s-media-cache-ak0.pinimg.com\/avatars\/SCCandles_1435507874_140.jpg
https://www.pinterest.com/olson94/health/,https:\/\/s-media-cache-ak0.pinimg.com\/avatars\/amanda062887_1414212107_140.jpg
https://www.pinterest.com/taylorward882/health/,https:\/\/s-media-cache-ak0.pinimg.com\/avatars\/laur73-78_140.jpg
https://www.pinterest.com/washingtona/exercisehealth/,https:\/\/s-media-cache-ak0.pinimg.com\/avatars\/saraemousavi_1425862218_140.jpg
https://www.pinterest.com/gaye1040/health/,https:\/\/s-media-cache-ak0.pinimg.com\/avatars\/natmk-80_140.jpg
https://www.pinterest.com/kaitlincarmont/health/,https:\/\/s-media-cache-ak0.pinimg.com\/avatars\/melza380_1337090375_140.jpg
https://www.pinterest.com/lisafarr101/health/,https:\/\/s-media-cache-ak0.pinimg.com\/avatars\/lyndsayvdh_1337116392_140.jpg
https://www.pinterest.com/yvonnemarcelle/health/,https:\/\/s-media-cache-ak0.pinimg.com\/avatars\/laurab0814-1395190093_140.jpg
https://www.pinterest.com/florence57/health/,https:\/\/s-media-cache-ak0.pinimg.com\/avatars\/luckygirlsc-1407734319_140.jpg
https://www.pinterest.com/kimba1073/health/,https:\/\/s-media-cache-ak0.pinimg.com\/avatars\/fergie1221_1429395245_140.jpg
https://www.pinterest.com/ashleybrooket12/health/,https:\/\/s-media-cache-ak0.pinimg.com\/avatars\/aday1215-1402231825_140.jpg
https://www.pinterest.com/christina5487/health/,https:\/\/s-media-cache-ak0.pinimg.com\/avatars\/adollmeyer-1379102946_140.jpg
https://www.pinterest.com/stephcassidy/health/,https:\/\/s-media-cache-ak0.pinimg.com\/avatars\/beingwisdom-1366409017_140.jpg
https://www.pinterest.com/kaghado/health/,https:\/\/s-media-cache-ak0.pinimg.com\/avatars\/bd01342_1402978199_140.jpg
https://www.pinterest.com/hmtschoepe/health/,https:\/\/s-media-cache-ak0.pinimg.com\/avatars\/cae2392_1391668222_140.jpg
https://www.pinterest.com/passtheprosecco/health/,https:\/\/s-media-cache-ak0.pinimg.com\/avatars\/hdigir-58_140.jpg
https://www.pinterest.com/cbawe/health/,https:\/\/s-media-cache-ak0.pinimg.com\/avatars\/symmetryglobal_1389805518_140.jpg
https://www.pinterest.com/suzyq125/health/,https:\/\/s-passets-cache-ak0.pinimg.com\/images\/user\/default_140.png
https://www.pinterest.com/pinner14789632/health/,https:\/\/s-media-cache-ak0.pinimg.com\/avatars\/terrio007_1348520350_140.jpg
https://www.pinterest.com/laceylucas224/health/,https:\/\/s-media-cache-ak0.pinimg.com\/avatars\/carleykat_82-21_140.jpg
https://www.pinterest.com/ljb4867/health/,https:\/\/s-media-cache-ak0.pinimg.com\/avatars\/srfeilmeier-78_140.jpg
https://www.pinterest.com/anareginah/health/,https:\/\/s-media-cache-ak0.pinimg.com\/avatars\/cidiris1289_1387720642_140.jpg
https://www.pinterest.com/triciaw04/health/,https:\/\/s-media-cache-ak0.pinimg.com\/avatars\/kellioglesby-1377399685_140.jpg
https://www.pinterest.com/ladyjade7013/health/,https:\/\/s-media-cache-ak0.pinimg.com\/avatars\/mistibell40_1342748031_140.jpg
https://www.pinterest.com/euavivinrv/health/,https:\/\/s-media-cache-ak0.pinimg.com\/avatars\/jennseoane-1358030847_140.jpg
https://www.pinterest.com/robson1234/health/,https:\/\/s-media-cache-ak0.pinimg.com\/avatars\/lbonilla-48_140.jpg
https://www.pinterest.com/babyrae75/health/,https:\/\/s-media-cache-ak0.pinimg.com\/avatars\/tshumway-4_140.jpg
https://www.pinterest.com/alyssaramsay25/health/,https:\/\/s-media-cache-ak0.pinimg.com\/avatars\/vickyaucoin_1431454586_140.jpg
https://www.pinterest.com/misslesch/health/,https:\/\/s-media-cache-ak0.pinimg.com\/avatars\/gader_1328645595_140.jpg
https://www.pinterest.com/skramm/health/,https:\/\/s-media-cache-ak0.pinimg.com\/avatars\/mshellokitty82_1334066261_140.jpg
https://www.pinterest.com/ktate1/health/,https:\/\/s-media-cache-ak0.pinimg.com\/avatars\/ruclvr_1433627001_140.jpg
https://www.pinterest.com/firstly/health/,https:\/\/s-media-cache-ak0.pinimg.com\/avatars\/rudolphkimm_1337064503_140.jpg
https://www.pinterest.com/mjones22560/health/,https:\/\/s-media-cache-ak0.pinimg.com\/avatars\/cinkrn_1332781767_140.jpg
https://www.pinterest.com/mkelee/health/,https:\/\/s-passets-cache-ak0.pinimg.com\/images\/user\/default_140.png
https://www.pinterest.com/oritkvartler/health/,https:\/\/s-media-cache-ak0.pinimg.com\/avatars\/jennawhite481_1432228593_140.jpg
https://www.pinterest.com/alysha_v7/health/,https:\/\/s-media-cache-ak0.pinimg.com\/avatars\/taylachase_1344338068_140.jpg
https://www.pinterest.com/lisamariapap/health/,https:\/\/s-media-cache-ak0.pinimg.com\/avatars\/mghall46-1349036781_140.jpg
https://www.pinterest.com/hjohnson1/health/,https:\/\/s-media-cache-ak0.pinimg.com\/avatars\/anjoski_1344783420_140.jpg
https://www.pinterest.com/conner21502/health/,https:\/\/s-media-cache-ak0.pinimg.com\/avatars\/ausgbear_1356801590_140.jpg
https://www.pinterest.com/laurenmwagner/health/,https:\/\/s-media-cache-ak0.pinimg.com\/avatars\/fitnessmotiv_1412256517_140.jpg
https://www.pinterest.com/cardsathand/health/,https:\/\/s-media-cache-ak0.pinimg.com\/avatars\/deebbee-1361771819_140.jpg
https://www.pinterest.com/ermr2414/health/,https:\/\/s-media-cache-ak0.pinimg.com\/avatars\/timbre6-1354476538_140.jpg
https://www.pinterest.com/sabrinanicole15/health/,https:\/\/s-media-cache-ak0.pinimg.com\/avatars\/EternalAngel28-1424916952_140.jpg
https://www.pinterest.com/aaliyahkeller/health/,https:\/\/s-media-cache-ak0.pinimg.com\/avatars\/jpicazo58_1401998416_140.jpg
https://www.pinterest.com/kimsroom2/health/,https:\/\/s-media-cache-ak0.pinimg.com\/avatars\/sarahshew06-1390016773_140.jpg
https://www.pinterest.com/jmdelcourt/health/,https:\/\/s-media-cache-ak0.pinimg.com\/avatars\/holasoytinaa-1373052199_140.jpg
https://www.pinterest.com/jlc8817/health/,https:\/\/s-media-cache-ak0.pinimg.com\/avatars\/kiaga90_1332167865_140.jpg
https://www.pinterest.com/daniellecandeli/health/,https:\/\/s-media-cache-ak0.pinimg.com\/avatars\/coldjammaa-1388124973_140.jpg
https://www.pinterest.com/cainsmommy0720/health/,https:\/\/s-media-cache-ak0.pinimg.com\/avatars\/simpson14r-1390886925_140.jpg
https://www.pinterest.com/mishmoi/health/,https:\/\/s-media-cache-ak0.pinimg.com\/avatars\/DearRaee_1356480623_140.jpg
https://www.pinterest.com/nicoleingram29/health/,https:\/\/s-media-cache-ak0.pinimg.com\/avatars\/myrlo_1363808005_140.jpg
https://www.pinterest.com/tiffanylor/health/,https:\/\/s-media-cache-ak0.pinimg.com\/avatars\/megan1234567-1376835779_140.jpg
https://www.pinterest.com/mdortiz/health/,https:\/\/s-media-cache-ak0.pinimg.com\/avatars\/debzisobell_1407859023_140.jpg
https://www.pinterest.com/hsvmum/health/,https:\/\/s-media-cache-ak0.pinimg.com\/avatars\/dennisfam143_1333145657_140.jpg
https://www.pinterest.com/hersheylol/health/,https:\/\/s-media-cache-ak0.pinimg.com\/avatars\/morgan2lowry-1344562028_140.jpg
https://www.pinterest.com/lorrainevilarin/health/,https:\/\/s-media-cache-ak0.pinimg.com\/avatars\/prettyperflivin_1425064690_140.jpg
https://www.pinterest.com/honeyypop/health/,https:\/\/s-media-cache-ak0.pinimg.com\/avatars\/gking0613_1432391338_140.jpg
https://www.pinterest.com/mamacs3/health/,https:\/\/s-media-cache-ak0.pinimg.com\/avatars\/lilgoldencrown_1412822287_140.jpg
https://www.pinterest.com/jacobty/health/,https:\/\/s-media-cache-ak0.pinimg.com\/avatars\/greta_honcoop_1337063481_140.jpg
https://www.pinterest.com/bogator1/health/,https:\/\/s-media-cache-ak0.pinimg.com\/avatars\/jceadams_1329332094_140.jpg
https://www.pinterest.com/aceclarke5/health/,https:\/\/s-passets-cache-ak0.pinimg.com\/images\/user\/default_140.png
https://www.pinterest.com/laurenellarose/health/,https:\/\/s-passets-cache-ak0.pinimg.com\/images\/user\/default_140.png
https://www.pinterest.com/ariaj/health/,https:\/\/s-media-cache-ak0.pinimg.com\/avatars\/hepaca_1385242244_140.jpg
https://www.pinterest.com/cynthiaswift13/health/,https:\/\/s-media-cache-ak0.pinimg.com\/avatars\/mariecke33-1406208731_140.jpg
https://www.pinterest.com/tinakazmaier34/health/,https:\/\/s-media-cache-ak0.pinimg.com\/avatars\/goldii77_1385751148_140.jpg
https://www.pinterest.com/jackiekeller19/health/,https:\/\/s-media-cache-ak0.pinimg.com\/avatars\/1073thewave_1393872131_140.jpg
https://www.pinterest.com/jenb4545/health/,https:\/\/s-media-cache-ak0.pinimg.com\/avatars\/lizmariemorenoc_1347656025_140.jpg
https://www.pinterest.com/jdobbins41/health/,https:\/\/s-media-cache-ak0.pinimg.com\/avatars\/amad92-1418798415_140.jpg
https://www.pinterest.com/friskicat/health/,https:\/\/s-media-cache-ak0.pinimg.com\/avatars\/stephanierae86_1337101662_140.jpg
https://www.pinterest.com/dlivrd/health/,https:\/\/s-media-cache-ak0.pinimg.com\/avatars\/barnardcandi-1423756350_140.jpg
https://www.pinterest.com/twilightplay/health/,https:\/\/s-media-cache-ak0.pinimg.com\/avatars\/ItsFinesse_1431805435_140.jpg
https://www.pinterest.com/lilyscooter/health/,https:\/\/s-media-cache-ak0.pinimg.com\/avatars\/CherWarnt23_1392860014_140.jpg
https://www.pinterest.com/indiagail/fitnesshealth/,https:\/\/s-media-cache-ak0.pinimg.com\/avatars\/sureslimau_1413160353_140.jpg
https://www.pinterest.com/davelwalters/health/,https:\/\/s-media-cache-ak0.pinimg.com\/avatars\/charlewik_1364643824_140.jpg
https://www.pinterest.com/rachel17ramirez/health/,https:\/\/s-media-cache-ak0.pinimg.com\/avatars\/jolinearmstrong_1410106259_140.jpg
https://www.pinterest.com/fsts/health/,https:\/\/s-media-cache-ak0.pinimg.com\/avatars\/limberglasik-1362083824_140.jpg
https://www.pinterest.com/janalynedmonds/health/,https:\/\/s-media-cache-ak0.pinimg.com\/avatars\/charlewik_1364643824_140.jpg
https://www.pinterest.com/missmelissam/health/,https:\/\/s-media-cache-ak0.pinimg.com\/avatars\/sweetbeetz35_1329448313_140.jpg
https://www.pinterest.com/sarahgebele/health/,https:\/\/s-media-cache-ak0.pinimg.com\/avatars\/senoritachika_1337067652_140.jpg
https://www.pinterest.com/aliforyers/health/,https:\/\/s-media-cache-ak0.pinimg.com\/avatars\/trsanchez76_1337115367_140.jpg
https://www.pinterest.com/harmsmarlene/health/,https:\/\/s-media-cache-ak0.pinimg.com\/avatars\/yuyi62979_1433191376_140.jpg
https://www.pinterest.com/abchmura/health/,https:\/\/s-media-cache-ak0.pinimg.com\/avatars\/hooligan_kiss_1328117432_140.jpg
https://www.pinterest.com/epifanialopez/health/,https:\/\/s-media-cache-ak0.pinimg.com\/avatars\/juliennemcneil-1369188592_140.jpg
https://www.pinterest.com/tbonfardine/health/,https:\/\/s-media-cache-ak0.pinimg.com\/avatars\/arinski_1337062231_140.jpg
https://www.pinterest.com/beekeekee/health/,https:\/\/s-media-cache-ak0.pinimg.com\/avatars\/kimmercier-18_140.jpg
https://www.pinterest.com/sabasshole/health/,https:\/\/s-media-cache-ak0.pinimg.com\/avatars\/kristinmmarie8-1348004347_140.jpg
https://www.pinterest.com/omahacandy/health/,https:\/\/s-media-cache-ak0.pinimg.com\/avatars\/lavishlatina_1341301547_140.jpg
https://www.pinterest.com/janissa11/health/,https:\/\/s-media-cache-ak0.pinimg.com\/avatars\/jamiegrinder-10_140.jpg
https://www.pinterest.com/tqsgramma/health/,https:\/\/s-media-cache-ak0.pinimg.com\/avatars\/properg-1417909857_140.jpg
https://www.pinterest.com/katiecaviness/health/,https:\/\/s-media-cache-ak0.pinimg.com\/avatars\/elenamorrison-1415761232_140.jpg
https://www.pinterest.com/typingn/health/,https:\/\/s-media-cache-ak0.pinimg.com\/avatars\/rnajm_1337065147_140.jpg
https://www.pinterest.com/mariebrigitt/health/,https:\/\/s-media-cache-ak0.pinimg.com\/avatars\/zaskel_1337064842_140.jpg
https://www.pinterest.com/leahannxo/health/,https:\/\/s-media-cache-ak0.pinimg.com\/avatars\/iatemywillpower_1400562699_140.jpg
https://www.pinterest.com/quiltindoc/health/,https:\/\/s-media-cache-ak0.pinimg.com\/avatars\/sashamthomas_1339943029_140.jpg
https://www.pinterest.com/vickidummer104/health/,https:\/\/s-media-cache-ak0.pinimg.com\/avatars\/deborahjennings-93_140.jpg
https://www.pinterest.com/mljanzer/health/,https:\/\/s-media-cache-ak0.pinimg.com\/avatars\/binman23-1364442593_140.jpg
https://www.pinterest.com/meganopoly5/health/,https:\/\/s-media-cache-ak0.pinimg.com\/avatars\/damseldragonfly_1415910317_140.jpg
https://www.pinterest.com/marshmello647/health/,https:\/\/s-passets-cache-ak0.pinimg.com\/images\/user\/default_140.png
https://www.pinterest.com/elizabethrar/health/,https:\/\/s-media-cache-ak0.pinimg.com\/avatars\/emtbtweety88-36_140.jpg
https://www.pinterest.com/sydneyc1997/health/,https:\/\/s-media-cache-ak0.pinimg.com\/avatars\/Bridgettelfain-1426314478_140.jpg
https://www.pinterest.com/otisdingess/health/,https:\/\/s-media-cache-ak0.pinimg.com\/avatars\/iwmi_1334357978_140.jpg
https://www.pinterest.com/anniekantz/health/,https:\/\/s-media-cache-ak0.pinimg.com\/avatars\/little_bug_07_1337116732_140.jpg
https://www.pinterest.com/jennaherdzina/health/,https:\/\/s-media-cache-ak0.pinimg.com\/avatars\/lyonsfamily6-1384046971_140.jpg
https://www.pinterest.com/pkpastor/health/,https:\/\/s-media-cache-ak0.pinimg.com\/avatars\/eloyc923kd714-1384477621_140.jpg
https://www.pinterest.com/dangm/health/,https:\/\/s-media-cache-ak0.pinimg.com\/avatars\/greenyszymn605-1384463614_140.jpg
https://www.pinterest.com/mariliedesigns/health/,https:\/\/s-media-cache-ak0.pinimg.com\/avatars\/dionnedavis-1346356376_140.jpg
https://www.pinterest.com/goob56/health/,https:\/\/s-media-cache-ak0.pinimg.com\/avatars\/peakfitnesstx_1391732982_140.jpg
https://www.pinterest.com/zolasmama/health/,https:\/\/s-media-cache-ak0.pinimg.com\/avatars\/prettyinpinksuz_1403649662_140.jpg
https://www.pinterest.com/nikiayed/health/,https:\/\/s-media-cache-ak0.pinimg.com\/avatars\/veronikaschaeff_1405688541_140.jpg
https://www.pinterest.com/cynnmunn/health/,https:\/\/s-media-cache-ak0.pinimg.com\/avatars\/bertha7xhnmi41-1385273181_140.jpg
https://www.pinterest.com/jeune2014/health/,https:\/\/s-media-cache-ak0.pinimg.com\/avatars\/Ecumeniste_1362962483_140.jpg
https://www.pinterest.com/neeneesangels/health/,https:\/\/s-media-cache-ak0.pinimg.com\/avatars\/chantalgr_1349990305_140.jpg
https://www.pinterest.com/jessluvsjon/health/,https:\/\/s-media-cache-ak0.pinimg.com\/avatars\/kraftingkat-17_140.jpg
https://www.pinterest.com/kellysessoils/health/,https:\/\/s-media-cache-ak0.pinimg.com\/avatars\/ckbuchholtz_1337066732_140.jpg
https://www.pinterest.com/jessiodonnell/health/,https:\/\/s-media-cache-ak0.pinimg.com\/avatars\/eventimiglia-1369623034_140.jpg
https://www.pinterest.com/alyssastephano/health/,https:\/\/s-media-cache-ak0.pinimg.com\/avatars\/carmelauy_1399477289_140.jpg
https://www.pinterest.com/jacee2424/health/,https:\/\/s-media-cache-ak0.pinimg.com\/avatars\/mcmelburn_1379835328_140.jpg
https://www.pinterest.com/cintiayanetpena/health/,https:\/\/s-media-cache-ak0.pinimg.com\/avatars\/beckison-32_140.jpg
https://www.pinterest.com/bellajf11/health/,https:\/\/s-media-cache-ak0.pinimg.com\/avatars\/chinitasol1983-1392188342_140.jpg
https://www.pinterest.com/melbei91/health/,https:\/\/s-media-cache-ak0.pinimg.com\/avatars\/chanson21_1328559272_140.jpg
https://www.pinterest.com/jndille/health/,https:\/\/s-media-cache-ak0.pinimg.com\/avatars\/georgann408-1427145838_140.jpg
https://www.pinterest.com/lcabritt/health/,https:\/\/s-media-cache-ak0.pinimg.com\/avatars\/delsa_1337062499_140.jpg
https://www.pinterest.com/avelarrebecca5/health/,https:\/\/s-media-cache-ak0.pinimg.com\/avatars\/ashleyhealy13-56_140.jpg
https://www.pinterest.com/serinagonzalez/health/,https:\/\/s-media-cache-ak0.pinimg.com\/avatars\/coffeebear_1437846739_140.jpg
https://www.pinterest.com/septemberz/health/,https:\/\/s-media-cache-ak0.pinimg.com\/avatars\/dayshaveronica_1403206520_140.jpg
https://www.pinterest.com/saronggoddess/health/,https:\/\/s-media-cache-ak0.pinimg.com\/avatars\/irierootsdawta-66_140.jpg
https://www.pinterest.com/paolitac16/health/,https:\/\/s-media-cache-ak0.pinimg.com\/avatars\/kerstin3823_1430306715_140.jpg
https://www.pinterest.com/try02angel/health/,https:\/\/s-media-cache-ak0.pinimg.com\/avatars\/brendas097_1392076786_140.jpg
https://www.pinterest.com/mksmith1031/health/,https:\/\/s-media-cache-ak0.pinimg.com\/avatars\/bluecandy0531-1402598813_140.jpg
https://www.pinterest.com/ns8991/health/,https:\/\/s-media-cache-ak0.pinimg.com\/avatars\/michelleejoy-1391619750_140.jpg
https://www.pinterest.com/gmitchell3/health/,https:\/\/s-media-cache-ak0.pinimg.com\/avatars\/mouskalollie_1425286396_140.jpg
https://www.pinterest.com/tsanchez1102/health/,https:\/\/s-media-cache-ak0.pinimg.com\/avatars\/cmaldona84-24_140.jpg
https://www.pinterest.com/karinemarlier/health/,https:\/\/s-media-cache-ak0.pinimg.com\/avatars\/charlewik_1364643824_140.jpg
https://www.pinterest.com/hofmannfdz/health/,https:\/\/s-media-cache-ak0.pinimg.com\/avatars\/gloriavictoria_1435785606_140.jpg
https://www.pinterest.com/hollyjane11/health/,https:\/\/s-media-cache-ak0.pinimg.com\/avatars\/brooke_turney_1338263678_140.jpg
https://www.pinterest.com/adreama92/health/,https:\/\/s-media-cache-ak0.pinimg.com\/avatars\/gabbysegura-1356158054_140.jpg
https://www.pinterest.com/emily101791/health/,https:\/\/s-media-cache-ak0.pinimg.com\/avatars\/abai2k-1352265819_140.jpg
https://www.pinterest.com/nuney3313/health/,https:\/\/s-media-cache-ak0.pinimg.com\/avatars\/retreatnetwork_1396292999_140.jpg
https://www.pinterest.com/kimberlylynnj3/health/,https:\/\/s-media-cache-ak0.pinimg.com\/avatars\/desireencarroll_1352498443_140.jpg
https://www.pinterest.com/daniellemccallo/health/,https:\/\/s-media-cache-ak0.pinimg.com\/avatars\/daenzer4_1337115306_140.jpg
https://www.pinterest.com/lifewithzeenat/health/,https:\/\/s-media-cache-ak0.pinimg.com\/avatars\/zakkas-1347653982_140.jpg
https://www.pinterest.com/alexhailey88/health/,https:\/\/s-media-cache-ak0.pinimg.com\/avatars\/kevinouyiq3793-1385509221_140.jpg
https://www.pinterest.com/jbarrera26/health/,https:\/\/s-media-cache-ak0.pinimg.com\/avatars\/19ry-1405721150_140.jpg
https://www.pinterest.com/givemesomesugar/health/,https:\/\/s-media-cache-ak0.pinimg.com\/avatars\/fairy43_1391361577_140.jpg
https://www.pinterest.com/barton4289/health/,https:\/\/s-media-cache-ak0.pinimg.com\/avatars\/beverlyhills77_1380801056_140.jpg
https://www.pinterest.com/soniurnezis/health/,https:\/\/s-media-cache-ak0.pinimg.com\/avatars\/nbhunt_1408427920_140.jpg
https://www.pinterest.com/demwa/health/,https:\/\/s-media-cache-ak0.pinimg.com\/avatars\/jleonovicz_1372525601_140.jpg
https://www.pinterest.com/asprady/health/,https:\/\/s-media-cache-ak0.pinimg.com\/avatars\/schmorgishboard_1348496206_140.jpg
https://www.pinterest.com/erios225/health/,https:\/\/s-media-cache-ak0.pinimg.com\/avatars\/survivallife_1426524722_140.jpg
https://www.pinterest.com/arahn0404/health/,https:\/\/s-media-cache-ak0.pinimg.com\/avatars\/longjeansilver_1435095700_140.jpg
https://www.pinterest.com/rachelpope666/health/,https:\/\/s-media-cache-ak0.pinimg.com\/avatars\/snapguide_1378595451_140.jpg
https://www.pinterest.com/pulagirl/health/,https:\/\/s-media-cache-ak0.pinimg.com\/avatars\/samnorman5-1355065313_140.jpg
https://www.pinterest.com/jkyte1/health/,https:\/\/s-media-cache-ak0.pinimg.com\/avatars\/lizrogen_1328541148_140.jpg
https://www.pinterest.com/dez1987/health/,https:\/\/s-passets-cache-ak0.pinimg.com\/images\/user\/default_140.png
https://www.pinterest.com/julz1997/health/,https:\/\/s-media-cache-ak0.pinimg.com\/avatars\/crawfordmica_1370618792_140.jpg
https://www.pinterest.com/missy820/health/,https:\/\/s-media-cache-ak0.pinimg.com\/avatars\/mcmelburn_1379835328_140.jpg
https://www.pinterest.com/atbachman/health/,https:\/\/s-media-cache-ak0.pinimg.com\/avatars\/nryolen_1332304742_140.jpg
https://www.pinterest.com/jbistodeau/health/,https:\/\/s-media-cache-ak0.pinimg.com\/avatars\/livyloou_1431458472_140.jpg
https://www.pinterest.com/cetnarj/health/,https:\/\/s-media-cache-ak0.pinimg.com\/avatars\/themailbox_1380288744_140.jpg
https://www.pinterest.com/anniema33/health/,https:\/\/s-media-cache-ak0.pinimg.com\/avatars\/slashley_1426891496_140.jpg
https://www.pinterest.com/seenapro/health/,https:\/\/s-media-cache-ak0.pinimg.com\/avatars\/seenapro-1392946698_140.jpg
https://www.pinterest.com/kruss2/health/,https:\/\/s-media-cache-ak0.pinimg.com\/avatars\/karladavis5_1374514567_140.jpg
https://www.pinterest.com/jengoertz/health/,https:\/\/s-media-cache-ak0.pinimg.com\/avatars\/knroberts-1390623155_140.jpg
https://www.pinterest.com/tonamcgraw/health/,https:\/\/s-media-cache-ak0.pinimg.com\/avatars\/restministries-4_140.jpg
https://www.pinterest.com/artchic07/health/,https:\/\/s-media-cache-ak0.pinimg.com\/avatars\/MIZJAZZI_1387114692_140.jpg
https://www.pinterest.com/kelseyfagan13/health/,https:\/\/s-media-cache-ak0.pinimg.com\/avatars\/krisse777-1408290742_140.jpg
https://www.pinterest.com/carolinagirl288/health/,https:\/\/s-media-cache-ak0.pinimg.com\/avatars\/k8ebug-60_140.jpg
https://www.pinterest.com/lauricelah/health/,https:\/\/s-passets-cache-ak0.pinimg.com\/images\/user\/default_140.png
https://www.pinterest.com/beyonka9471/health/,https:\/\/s-media-cache-ak0.pinimg.com\/avatars\/suamaestade_1373736328_140.jpg
https://www.pinterest.com/caitlynpridemor/health/,https:\/\/s-media-cache-ak0.pinimg.com\/avatars\/meggibjohnson_1332807959_140.jpg
https://www.pinterest.com/kayladycus/health/,https:\/\/s-media-cache-ak0.pinimg.com\/avatars\/ausgbear_1356801590_140.jpg
https://www.pinterest.com/blottiauxs/health/,https:\/\/s-media-cache-ak0.pinimg.com\/avatars\/tasneekahfarah_1432358045_140.jpg
https://www.pinterest.com/nelly149/health/,https:\/\/s-passets-cache-ak0.pinimg.com\/images\/user\/default_140.png
https://www.pinterest.com/enheatherly/health/,https:\/\/s-media-cache-ak0.pinimg.com\/avatars\/jennifer2791-1347222593_140.jpg
https://www.pinterest.com/thatalla/health/,https:\/\/s-passets-cache-ak0.pinimg.com\/images\/user\/default_140.png
https://www.pinterest.com/jennf13/health/,https:\/\/s-media-cache-ak0.pinimg.com\/avatars\/irishspirit_1411845950_140.jpg
https://www.pinterest.com/gillmina/health/,https:\/\/s-media-cache-ak0.pinimg.com\/avatars\/raqhedwards_1398494375_140.jpg
https://www.pinterest.com/sweetdarky2407/health/,https:\/\/s-media-cache-ak0.pinimg.com\/avatars\/sandraknodler3_1410206916_140.jpg
https://www.pinterest.com/fawcetta15/health/,https:\/\/s-media-cache-ak0.pinimg.com\/avatars\/marcaljacemom_1329092230_140.jpg
https://www.pinterest.com/irishlatina23/health/,https:\/\/s-media-cache-ak0.pinimg.com\/avatars\/tamarajstearns-1374257823_140.jpg
https://www.pinterest.com/hotpink2/health/,https:\/\/s-media-cache-ak0.pinimg.com\/avatars\/syndicate24_1434529685_140.jpg
https://www.pinterest.com/tcgurl87/health/,https:\/\/s-media-cache-ak0.pinimg.com\/avatars\/caffeineblues_1333912045_140.jpg
https://www.pinterest.com/nicolebenja/health/,https:\/\/s-media-cache-ak0.pinimg.com\/avatars\/maurinerdh_1332786846_140.jpg
https://www.pinterest.com/catacastry70/health/,https:\/\/s-media-cache-ak0.pinimg.com\/avatars\/kkmcelhiney_1352428897_140.jpg
https://www.pinterest.com/blacksayshi/fitnesshealth/,https:\/\/s-media-cache-ak0.pinimg.com\/avatars\/tproc-1387518322_140.jpg
https://www.pinterest.com/cgbejarano/health/,https:\/\/s-media-cache-ak0.pinimg.com\/avatars\/krisalynann12-1391727367_140.jpg
https://www.pinterest.com/clur94/health/,https:\/\/s-media-cache-ak0.pinimg.com\/avatars\/arosearmstrong_1412116489_140.jpg
https://www.pinterest.com/ava0412/health/,https:\/\/s-media-cache-ak0.pinimg.com\/avatars\/slongbottom_1431704263_140.jpg
https://www.pinterest.com/lucycgregory/health/,https:\/\/s-media-cache-ak0.pinimg.com\/avatars\/bubbamarine_1329519052_140.jpg
https://www.pinterest.com/brnwynbrwn/fitnesshealth/,https:\/\/s-passets-cache-ak0.pinimg.com\/images\/user\/default_140.png
https://www.pinterest.com/asrar21/health/,https:\/\/s-media-cache-ak0.pinimg.com\/avatars\/ashleykpeak_1407211793_140.jpg
https://www.pinterest.com/windi24/health/,https:\/\/s-media-cache-ak0.pinimg.com\/avatars\/czamoraj-1418833315_140.jpg
https://www.pinterest.com/kikifonseca/health/,https:\/\/s-media-cache-ak0.pinimg.com\/avatars\/cheater83_1436409980_140.jpg
https://www.pinterest.com/tedpapadakis/health/,https:\/\/s-passets-cache-ak0.pinimg.com\/images\/user\/default_140.png
https://www.pinterest.com/connierouse/health/,https:\/\/s-media-cache-ak0.pinimg.com\/avatars\/alexborick-1351564464_140.jpg
https://www.pinterest.com/wranglerfan/health/,https:\/\/s-media-cache-ak0.pinimg.com\/avatars\/amad92-1418798415_140.jpg
https://www.pinterest.com/moosee86/health/,https:\/\/s-media-cache-ak0.pinimg.com\/avatars\/manbedard_1425611591_140.jpg
https://www.pinterest.com/alaiyasmommie94/fitnesshealth/,https:\/\/s-media-cache-ak0.pinimg.com\/avatars\/sevisaglam-56_140.jpg
https://www.pinterest.com/melaniegettings/health/,https:\/\/s-media-cache-ak0.pinimg.com\/avatars\/fizzcollins-1362916816_140.jpg
https://www.pinterest.com/outlookblue/health/,https:\/\/s-media-cache-ak0.pinimg.com\/avatars\/LisaHosier68_1435559926_140.jpg
https://www.pinterest.com/totersen/health/,https:\/\/s-media-cache-ak0.pinimg.com\/avatars\/alexborick-1351564464_140.jpg
https://www.pinterest.com/nrsoucy/health/,https:\/\/s-media-cache-ak0.pinimg.com\/avatars\/jingl-1377790584_140.jpg
https://www.pinterest.com/danielafleifel/health/,https:\/\/s-media-cache-ak0.pinimg.com\/avatars\/alice416_1435344622_140.jpg
https://www.pinterest.com/joliellc/health/,https:\/\/s-media-cache-ak0.pinimg.com\/avatars\/nahimanatala_1328729558_140.jpg
https://www.pinterest.com/nocturnal10/health/,https:\/\/s-media-cache-ak0.pinimg.com\/avatars\/adesignfor_1437477860_140.jpg
https://www.pinterest.com/pberling22/health/,https:\/\/s-media-cache-ak0.pinimg.com\/avatars\/lonniesvm3r7267-1384867870_140.jpg
https://www.pinterest.com/alphaphi102684/health/,https:\/\/s-media-cache-ak0.pinimg.com\/avatars\/fullofgrace82_1432521583_140.jpg
https://www.pinterest.com/reneeanneliese/health/,https:\/\/s-media-cache-ak0.pinimg.com\/avatars\/suedealmeida_1386292075_140.jpg
https://www.pinterest.com/naele/health/,https:\/\/s-media-cache-ak0.pinimg.com\/avatars\/simplyrobin1_1338133000_140.jpg
https://www.pinterest.com/mel1308/health/,https:\/\/s-media-cache-ak0.pinimg.com\/avatars\/naketaaababbby_1344742466_140.jpg
https://www.pinterest.com/rtert/health/,https:\/\/s-media-cache-ak0.pinimg.com\/avatars\/angie_beauchamp_1360990027_140.jpg
https://www.pinterest.com/yvonnemontez221/health/,https:\/\/s-media-cache-ak0.pinimg.com\/avatars\/EvaGrizzlyBear_1416527464_140.jpg
https://www.pinterest.com/virginiakat/health/,https:\/\/s-media-cache-ak0.pinimg.com\/avatars\/dntbgme_1397705956_140.jpg
https://www.pinterest.com/gondekleane/health/,https:\/\/s-media-cache-ak0.pinimg.com\/avatars\/andreageffin_1392503538_140.jpg
https://www.pinterest.com/barbrabird/health/,https:\/\/s-media-cache-ak0.pinimg.com\/avatars\/percyjenle8252-1384459345_140.jpg
https://www.pinterest.com/mizz2b/health/,https:\/\/s-media-cache-ak0.pinimg.com\/avatars\/cil22-1407093325_140.jpg
https://www.pinterest.com/cajun31/health/,https:\/\/s-media-cache-ak0.pinimg.com\/avatars\/kluna78-1425682357_140.jpg
https://www.pinterest.com/vallance4/health/,https:\/\/s-media-cache-ak0.pinimg.com\/avatars\/rafael5s4fxk570-1385270530_140.jpg
https://www.pinterest.com/duracell63/health/,https:\/\/s-media-cache-ak0.pinimg.com\/avatars\/kbiss0406_1334074575_140.jpg
https://www.pinterest.com/eduamels44/health/,https:\/\/s-media-cache-ak0.pinimg.com\/avatars\/meecou95_1391455179_140.jpg
https://www.pinterest.com/rova61/health/,https:\/\/s-media-cache-ak0.pinimg.com\/avatars\/hairburst-1404167856_140.jpg
https://www.pinterest.com/karaasorensen/health/,https:\/\/s-media-cache-ak0.pinimg.com\/avatars\/taras03_1359771956_140.jpg
https://www.pinterest.com/eaustin5571/health/,https:\/\/s-media-cache-ak0.pinimg.com\/avatars\/holler1580-1419425181_140.jpg
https://www.pinterest.com/torresa357/health/,https:\/\/s-media-cache-ak0.pinimg.com\/avatars\/evilkittycat56_1328078562_140.jpg
https://www.pinterest.com/babimarti/health/,https:\/\/s-media-cache-ak0.pinimg.com\/avatars\/stacybutler-55_140.jpg
https://www.pinterest.com/pbg2018/health/,https:\/\/s-passets-cache-ak0.pinimg.com\/images\/user\/default_140.png
https://www.pinterest.com/clairedevesty/health/,https:\/\/s-media-cache-ak0.pinimg.com\/avatars\/bluepenguin321-1393138927_140.jpg
https://www.pinterest.com/smilingdaley/health/,https:\/\/s-media-cache-ak0.pinimg.com\/avatars\/ausgbear_1356801590_140.jpg
https://www.pinterest.com/klamilne/health/,https:\/\/s-media-cache-ak0.pinimg.com\/avatars\/rudolphkimm_1337064503_140.jpg
https://www.pinterest.com/ivamehring/health/,https:\/\/s-media-cache-ak0.pinimg.com\/avatars\/mrsnicoleperez_1388524690_140.jpg
https://www.pinterest.com/petroskymom/health/,https:\/\/s-media-cache-ak0.pinimg.com\/avatars\/abbydu_1364749540_140.jpg
https://www.pinterest.com/beambrat/health/,https:\/\/s-media-cache-ak0.pinimg.com\/avatars\/jenbroomall_1423623154_140.jpg
https://www.pinterest.com/cb810/health/,https:\/\/s-media-cache-ak0.pinimg.com\/avatars\/carloatyourserv_1330172532_140.jpg
https://www.pinterest.com/cyssc/health/,https:\/\/s-media-cache-ak0.pinimg.com\/avatars\/stefsnider5_1412266773_140.jpg
https://www.pinterest.com/mrskinder12/goalshealth/,https:\/\/s-media-cache-ak0.pinimg.com\/avatars\/rachel748_1436855300_140.jpg
https://www.pinterest.com/bmayphoto/health/,https:\/\/s-passets-cache-ak0.pinimg.com\/images\/user\/default_140.png
https://www.pinterest.com/tabicat6901/health/,https:\/\/s-media-cache-ak0.pinimg.com\/avatars\/aafitz5-1402341943_140.jpg
https://www.pinterest.com/mjphill/health/,https:\/\/s-media-cache-ak0.pinimg.com\/avatars\/Grodasmarzaro-1405727823_140.jpg
https://www.pinterest.com/dee7396/fitnesshealth/,https:\/\/s-passets-cache-ak0.pinimg.com\/images\/user\/default_140.png
https://www.pinterest.com/koke1005/health/,https:\/\/s-media-cache-ak0.pinimg.com\/avatars\/blondemomblog_1406147782_140.jpg
https://www.pinterest.com/7onsayles/health/,https:\/\/s-media-cache-ak0.pinimg.com\/avatars\/rosemerry_1389214187_140.jpg
https://www.pinterest.com/teytey903/health/,https:\/\/s-media-cache-ak0.pinimg.com\/avatars\/dck09-1416219616_140.jpg
https://www.pinterest.com/csillafgyulai/health/,https:\/\/s-passets-cache-ak0.pinimg.com\/images\/user\/default_140.png
https://www.pinterest.com/fanningfour/health/,https:\/\/s-media-cache-ak0.pinimg.com\/avatars\/randomanda98-5_140.jpg
https://www.pinterest.com/bev206/health/,https:\/\/s-passets-cache-ak0.pinimg.com\/images\/user\/default_140.png
https://www.pinterest.com/htwilliams82/health/,https:\/\/s-media-cache-ak0.pinimg.com\/avatars\/zhadzick_1373811583_140.jpg
https://www.pinterest.com/makalapuahoku/health/,https:\/\/s-media-cache-ak0.pinimg.com\/avatars\/vavy_1337115429_140.jpg
https://www.pinterest.com/lmb2630/health/,https:\/\/s-media-cache-ak0.pinimg.com\/avatars\/sandraknodler3_1410206916_140.jpg
https://www.pinterest.com/andulv/health/,https:\/\/s-passets-cache-ak0.pinimg.com\/images\/user\/default_140.png
https://www.pinterest.com/michmich12345/health/,https:\/\/s-media-cache-ak0.pinimg.com\/avatars\/briannep33-1424314397_140.jpg
https://www.pinterest.com/emilyhunt2010/health/,https:\/\/s-media-cache-ak0.pinimg.com\/avatars\/artraveler-1357980189_140.jpg
https://www.pinterest.com/maddielarios/health/,https:\/\/s-media-cache-ak0.pinimg.com\/avatars\/JamieJebb_1416072962_140.jpg
https://www.pinterest.com/cheerchick46/health/,https:\/\/s-media-cache-ak0.pinimg.com\/avatars\/whitbills_1334447860_140.jpg
https://www.pinterest.com/clark9106/health/,https:\/\/s-media-cache-ak0.pinimg.com\/avatars\/roseg07_1335582693_140.jpg
https://www.pinterest.com/julieeastman/health/,https:\/\/s-media-cache-ak0.pinimg.com\/avatars\/ginalynnasher_1390252505_140.jpg
https://www.pinterest.com/pinterestgall/health/,https:\/\/s-media-cache-ak0.pinimg.com\/avatars\/rogoldsby-1425830413_140.jpg
https://www.pinterest.com/wlp143/health/,https:\/\/s-media-cache-ak0.pinimg.com\/avatars\/gabybaby916_1336257567_140.jpg
https://www.pinterest.com/monkeygirl71/health/,https:\/\/s-passets-cache-ak0.pinimg.com\/images\/user\/default_140.png
https://www.pinterest.com/aashepherd93/health/,https:\/\/s-passets-cache-ak0.pinimg.com\/images\/user\/default_140.png
https://www.pinterest.com/ashleysteer/health/,https:\/\/s-media-cache-ak0.pinimg.com\/avatars\/skyey9_1335201899_140.jpg
https://www.pinterest.com/fivekidsohmy/health/,https:\/\/s-media-cache-ak0.pinimg.com\/avatars\/pammalk1-1409878781_140.jpg
https://www.pinterest.com/strictlybraids/health/,https:\/\/s-media-cache-ak0.pinimg.com\/avatars\/suneetaaggarwal-1422153515_140.jpg
https://www.pinterest.com/loonylou/health/,https:\/\/s-media-cache-ak0.pinimg.com\/avatars\/heatherjwright-1403547025_140.jpg
https://www.pinterest.com/cpowers23/health/,https:\/\/s-media-cache-ak0.pinimg.com\/avatars\/h2ofins_1337070617_140.jpg
https://www.pinterest.com/loriv77/health/,https:\/\/s-media-cache-ak0.pinimg.com\/avatars\/reisdorph_1384072873_140.jpg
https://www.pinterest.com/jgcinhb/health/,https:\/\/s-media-cache-ak0.pinimg.com\/avatars\/cindyrmiller1-1354702048_140.jpg
https://www.pinterest.com/kaliimajocha/health/,https:\/\/s-media-cache-ak0.pinimg.com\/avatars\/lindsaygibson-1416117658_140.jpg
https://www.pinterest.com/halfbakedbean/health/,https:\/\/s-media-cache-ak0.pinimg.com\/avatars\/hypervibeus_1374082282_140.jpg
https://www.pinterest.com/clopez0960/health/,https:\/\/s-media-cache-ak0.pinimg.com\/avatars\/jaybel-82_140.jpg
https://www.pinterest.com/chantel_renee/health/,https:\/\/s-media-cache-ak0.pinimg.com\/avatars\/bellashoot_1405930499_140.jpg
https://www.pinterest.com/nthomas15/health/,https:\/\/s-media-cache-ak0.pinimg.com\/avatars\/hannahkouzoukas_1432334787_140.jpg
https://www.pinterest.com/sallynerickson/health/,https:\/\/s-media-cache-ak0.pinimg.com\/avatars\/ademesa-1386006296_140.jpg
https://www.pinterest.com/jaclynnxrx/health/,https:\/\/s-media-cache-ak0.pinimg.com\/avatars\/krmessick-1419004719_140.jpg
https://www.pinterest.com/garthhumphreys/health/,https:\/\/s-media-cache-ak0.pinimg.com\/avatars\/weightlossbeaut_1429778870_140.jpg
https://www.pinterest.com/pamrapier/health/,https:\/\/s-media-cache-ak0.pinimg.com\/avatars\/suzannerholt_1361042937_140.jpg
https://www.pinterest.com/csaybe/health/,https:\/\/s-media-cache-ak0.pinimg.com\/avatars\/maslyndas-1365305562_140.jpg
https://www.pinterest.com/fai_faiza/health/,https:\/\/s-media-cache-ak0.pinimg.com\/avatars\/artfair-1346185931_140.jpg
https://www.pinterest.com/marykellymc/health/,https:\/\/s-media-cache-ak0.pinimg.com\/avatars\/Tommie5-1402536439_140.jpg
https://www.pinterest.com/mafowler1980/health/,https:\/\/s-media-cache-ak0.pinimg.com\/avatars\/bleumarie23_1327971840_140.jpg
https://www.pinterest.com/bevinbrielle/health/,https:\/\/s-media-cache-ak0.pinimg.com\/avatars\/alee1412-1410753325_140.jpg
https://www.pinterest.com/grooms1041/health/,https:\/\/s-passets-cache-ak0.pinimg.com\/images\/user\/default_140.png
https://www.pinterest.com/melissayoung15/health/,https:\/\/s-media-cache-ak0.pinimg.com\/avatars\/ladyofthehunt_1337115802_140.jpg
https://www.pinterest.com/kholla77/health/,https:\/\/s-media-cache-ak0.pinimg.com\/avatars\/madame65-81_140.jpg
https://www.pinterest.com/dedee414/health/,https:\/\/s-media-cache-ak0.pinimg.com\/avatars\/alexborick-1351564464_140.jpg
https://www.pinterest.com/mackayfamily/health/,https:\/\/s-media-cache-ak0.pinimg.com\/avatars\/andirogo_1329061704_140.jpg
https://www.pinterest.com/durbingirl/health/,https:\/\/s-media-cache-ak0.pinimg.com\/avatars\/crhernandez1-1410157101_140.jpg
https://www.pinterest.com/divagirl459/health/,https:\/\/s-media-cache-ak0.pinimg.com\/avatars\/simplyrobin1_1338133000_140.jpg
https://www.pinterest.com/ceruti2214/health/,https:\/\/s-passets-cache-ak0.pinimg.com\/images\/user\/default_140.png
https://www.pinterest.com/ly013/health/,https:\/\/s-media-cache-ak0.pinimg.com\/avatars\/ccultures_1404130832_140.jpg
https://www.pinterest.com/stuartmalone187/health/,https:\/\/s-media-cache-ak0.pinimg.com\/avatars\/Melissa7212-1428098618_140.jpg
https://www.pinterest.com/karawhipple/health/,https:\/\/s-media-cache-ak0.pinimg.com\/avatars\/adollmeyer-1379102946_140.jpg
https://www.pinterest.com/magictwo/health/,https:\/\/s-media-cache-ak0.pinimg.com\/avatars\/zjukiz_1392213346_140.jpg
https://www.pinterest.com/emontoya82/health/,https:\/\/s-media-cache-ak0.pinimg.com\/avatars\/patriciahearts_1339098488_140.jpg
https://www.pinterest.com/ajohnson5230/health/,https:\/\/s-media-cache-ak0.pinimg.com\/avatars\/kryerse-49_140.jpg
https://www.pinterest.com/elisahopewell/health/,https:\/\/s-media-cache-ak0.pinimg.com\/avatars\/kassieavila0-1426812245_140.jpg
https://www.pinterest.com/vickisay/health/,https:\/\/s-media-cache-ak0.pinimg.com\/avatars\/thatromykate_1366642689_140.jpg
https://www.pinterest.com/kat4129/health/,https:\/\/s-media-cache-ak0.pinimg.com\/avatars\/tracw_1337115688_140.jpg
https://www.pinterest.com/kjbrashear/health/,https:\/\/s-media-cache-ak0.pinimg.com\/avatars\/bthorn2002_1355882573_140.jpg
https://www.pinterest.com/grndlem/health/,https:\/\/s-media-cache-ak0.pinimg.com\/avatars\/michi1023_1346116458_140.jpg
https://www.pinterest.com/beth2012/health/,https:\/\/s-media-cache-ak0.pinimg.com\/avatars\/rockstarkd_1341119843_140.jpg
https://www.pinterest.com/mabbruzzese/health/,https:\/\/s-passets-cache-ak0.pinimg.com\/images\/user\/default_140.png
https://www.pinterest.com/krivvv/health/,https:\/\/s-media-cache-ak0.pinimg.com\/avatars\/sixpackabs-71_140.jpg
https://www.pinterest.com/noelboe/health/,https:\/\/s-media-cache-ak0.pinimg.com\/avatars\/julie_ann77_1337198456_140.jpg
https://www.pinterest.com/lizsmithxoxo5/health/,https:\/\/s-media-cache-ak0.pinimg.com\/avatars\/weborn_1328553473_140.jpg
https://www.pinterest.com/9patpat/health/,https:\/\/s-media-cache-ak0.pinimg.com\/avatars\/thumbuddie_1390692986_140.jpg
https://www.pinterest.com/jillb2030/health/,https:\/\/s-media-cache-ak0.pinimg.com\/avatars\/aprilhansen_1410980679_140.jpg
https://www.pinterest.com/jessicabrian/health/,https:\/\/s-media-cache-ak0.pinimg.com\/avatars\/ltegeler_1337274842_140.jpg
https://www.pinterest.com/torivaldez/health/,https:\/\/s-media-cache-ak0.pinimg.com\/avatars\/roreycenee_1349666378_140.jpg
https://www.pinterest.com/oprah1/health/,https:\/\/s-media-cache-ak0.pinimg.com\/avatars\/glimpseofbeauty-1391530073_140.jpg
https://www.pinterest.com/htbrdd/health/,https:\/\/s-media-cache-ak0.pinimg.com\/avatars\/sukipixel_1421567516_140.jpg
https://www.pinterest.com/chbryan29/health/,https:\/\/s-media-cache-ak0.pinimg.com\/avatars\/oobieslady-1378259722_140.jpg
https://www.pinterest.com/mbreen2203/health/,https:\/\/s-passets-cache-ak0.pinimg.com\/images\/user\/default_140.png
https://www.pinterest.com/megan5714/health/,https:\/\/s-media-cache-ak0.pinimg.com\/avatars\/stephanni1_1388273594_140.jpg
https://www.pinterest.com/emwelena/health/,https:\/\/s-media-cache-ak0.pinimg.com\/avatars\/angelamackay_1412897898_140.jpg
https://www.pinterest.com/sandysquillace/health/,https:\/\/s-media-cache-ak0.pinimg.com\/avatars\/gdevs_1337064341_140.jpg
https://www.pinterest.com/elizard0918/health/,https:\/\/s-media-cache-ak0.pinimg.com\/avatars\/ladyofthehunt_1337115802_140.jpg
https://www.pinterest.com/aprettyj/health/,https:\/\/s-media-cache-ak0.pinimg.com\/avatars\/megerra927_1337117155_140.jpg
https://www.pinterest.com/candicebryan/health/,https:\/\/s-passets-cache-ak0.pinimg.com\/images\/user\/default_140.png
https://www.pinterest.com/murph2124/health/,https:\/\/s-media-cache-ak0.pinimg.com\/avatars\/knorville13_1404494448_140.jpg
https://www.pinterest.com/kennuh137/health/,https:\/\/s-media-cache-ak0.pinimg.com\/avatars\/jennmart04_1337089414_140.jpg
https://www.pinterest.com/brenkhloesmom20/health/,https:\/\/s-media-cache-ak0.pinimg.com\/avatars\/abdelbarada_1376511419_140.jpg
https://www.pinterest.com/deccor/health/,https:\/\/s-media-cache-ak0.pinimg.com\/avatars\/deccor-1383224529_140.jpg
https://www.pinterest.com/mrusch07/health/,https:\/\/s-media-cache-ak0.pinimg.com\/avatars\/rusticchicpin_1397314422_140.jpg
https://www.pinterest.com/sammyreuter/health/,https:\/\/s-media-cache-ak0.pinimg.com\/avatars\/taras03_1359771956_140.jpg
https://www.pinterest.com/pawlounge/health/,https:\/\/s-media-cache-ak0.pinimg.com\/avatars\/thewriter15-90_140.jpg
https://www.pinterest.com/rhianna15/health/,https:\/\/s-media-cache-ak0.pinimg.com\/avatars\/Moniitaly-1415585082_140.jpg
https://www.pinterest.com/kalimlewis/health/,https:\/\/s-media-cache-ak0.pinimg.com\/avatars\/birchbox_1370345755_140.jpg
https://www.pinterest.com/janice3774/health/,https:\/\/s-media-cache-ak0.pinimg.com\/avatars\/sarahshew06-1390016773_140.jpg
https://www.pinterest.com/nellyn07/health/,https:\/\/s-media-cache-ak0.pinimg.com\/avatars\/nannabeez_1339728474_140.jpg
https://www.pinterest.com/nancywhite35728/health/,https:\/\/s-media-cache-ak0.pinimg.com\/avatars\/anicamartin2012_1390643073_140.jpg
https://www.pinterest.com/amyleik/holistichealth/,https:\/\/s-media-cache-ak0.pinimg.com\/avatars\/eahuntley_1337063635_140.jpg
